1	0.0026251977	0.0003585731	0.036719375	0.004999125	0.293755	0.039993	111.8982398715	111.5337534779	1479	767	73	55	56	14	29	153	11	0	0	0	0	0	0	343
2	0.0021064447	9.9998799870386e-07	0.031965875	1.4875e-05	0.255727	0.000119	121.4021924813	119.0014281714	0	2171	0	0	0	0	0	0	0	1	0	0	0	0	0	0
3	0.0021214896	1.3000039053158576e-05	0.032056125	0.0001895	0.256449	0.001516	120.8815739473	116.6150342934	0	1256	917	0	0	0	0	0	12	1	0	0	0	0	0	0
4	0.0019596201	2.0000910150174775e-06	0.0291785	2.9625000000000002e-05	0.233428	0.000237	119.1190055789	118.4946076056	0	0	2178	0	0	0	0	0	0	0	2	0	0	0	0	0
5	0.0021986855	9.999899989198834e-07	0.033496125	1.4750000000000001e-05	0.267969	0.000118	121.876911004	118.0011801393	0	0	1001	1167	0	0	0	0	0	0	1	0	0	0	0	0
6	0.0022864001	1.000102022649028e-06	0.034408875	1.5e-05	0.275271	0.00012	120.3949380275	119.987758531	0	0	0	2175	0	0	0	0	0	0	0	1	0	0	0	0
7	0.0023274811	9.999889988118716e-07	0.035676	1.4875e-05	0.285408	0.000119	122.6252698725	119.0013091558	0	0	0	754	1420	0	0	0	0	0	0	1	0	0	0	0
8	0.0022257473	9.999899989198834e-07	0.033798	1.4875e-05	0.270384	0.000119	121.4800973358	119.0011901404	0	0	0	0	2171	0	0	0	0	0	0	0	1	0	0	0
9	0.0023458454	1.9999759974077206e-06	0.035930875	2.9749999999999998e-05	0.287447	0.000238	122.5345015099	119.0014281714	0	0	0	0	505	1671	0	0	0	0	0	0	2	0	0	0
10	0.0019968929	9.999899989198834e-07	0.0298525	1.4875e-05	0.23882	0.000119	119.5957955373	119.0011901404	0	0	0	0	0	2167	6	0	0	0	0	0	0	1	0	0
11	0.0023299926	9.999889988118716e-07	0.03518075	1.4875e-05	0.281446	0.000119	120.7926580807	119.0013091558	0	0	0	0	0	258	1917	0	0	0	0	0	0	1	0	0
12	0.0024051586	2.999944490857522e-06	0.036339	4.5125000000000006e-05	0.290712	0.000361	120.8702003992	120.3355599079	0	0	0	0	0	0	2083	88	0	0	0	0	0	0	3	0
13	0.0020343676	9.999889988118716e-07	0.030574125	1.4875e-05	0.244593	0.000119	120.2304806865	119.0013091558	0	0	0	0	0	0	90	2083	0	0	0	0	0	0	0	1
14	0.0020481965	1.0001020226490279e-06	0.031078125	1.4875e-05	0.248625	0.000119	121.3872786875	118.9878605433	280	0	0	0	0	0	0	1894	0	0	0	0	0	0	0	1
15	0.002210523	9.999889988118714e-07	0.03328775	1.4875e-05	0.266302	0.000119	120.4701318665	119.0013091558	2136	0	0	0	0	0	0	31	1	0	0	0	0	0	0	0
16	0.0021967247	1.9999729970836853e-06	0.0330665	2.9875e-05	0.264532	0.000239	120.4210954857	119.501613446	1669	509	0	0	0	0	0	0	2	0	0	0	0	0	0	0
17	0.0019622391	1.0001040230931267e-06	0.029636625	1.4875e-05	0.237093	0.000119	120.8277817752	118.9876225395	11	2161	0	0	0	0	0	0	0	1	0	0	0	0	0	0
18	0.0022509453	9.999899989198834e-07	0.034154375	1.4874999999999999e-05	0.273235	0.000119	121.3867775953	119.0011901404	0	1426	752	0	0	0	0	0	0	1	0	0	0	0	0	0
19	0.0023960036	1.999978997731755e-06	0.036649125	2.9625000000000002e-05	0.293193	0.000237	122.3675120214	118.5012443975	0	0	2168	0	0	0	0	0	0	0	2	0	0	0	0	0
20	0.0022431527	9.999889988118714e-07	0.03378575	1.4875e-05	0.270286	0.000119	120.4938016072	119.0013091558	0	0	1176	998	0	0	0	0	0	0	1	0	0	0	0	0
21	0.0021872707	7.000129563710351e-06	0.033087875	0.000104125	0.264703	0.000833	121.0197694194	118.9977974577	0	0	0	2175	0	0	0	0	0	0	0	7	0	0	0	0
22	0.0023223942	2.000095015677587e-06	0.035124375	2.9625e-05	0.280995	0.000237	120.9936718304	118.4943705885	0	0	0	923	1249	0	0	0	0	0	0	2	0	0	0	0
23	0.0021141625	9.999889988118716e-07	0.032031375	1.4875e-05	0.256251	0.000119	121.2068614697	119.0013091558	0	0	0	0	2177	0	0	0	0	0	0	0	1	0	0	0
24	0.0022158015	1.9999769975157315e-06	0.033031	2.9875000000000004e-05	0.264248	0.000239	119.2561708608	119.5013744142	0	0	0	0	670	1499	0	0	0	0	0	0	2	0	0	0
25	0.0021162671	9.999889988118716e-07	0.032026875	1.5e-05	0.256215	0.00012	121.0693123677	120.0013201571	0	0	0	0	0	2137	40	0	0	0	0	0	0	1	0	0
26	0.0020393623	9.9998799870386e-07	0.030385125	1.5e-05	0.243081	0.00012	119.1946110168	120.0014401728	0	0	0	0	0	460	1710	0	0	0	0	0	0	1	0	0
27	0.0022243682	1.9999769975157315e-06	0.033752375	2.9874999999999998e-05	0.270019	0.000239	121.3913253186	119.5013744142	0	0	0	0	0	0	2076	94	0	0	0	0	0	0	2	0
28	0.002198958	9.999879987038599e-07	0.0330915	1.4875e-05	0.264732	0.000119	120.3897478409	119.0014281714	0	0	0	0	0	0	270	1905	0	0	0	0	0	0	1	0
29	0.0022588507	1.0001020226490279e-06	0.034288875	1.4874999999999999e-05	0.274311	0.000119	121.4383035703	118.9878605433	260	0	0	0	0	0	0	1913	0	0	0	0	0	0	0	1
30	0.0022315216	1.100120542875372e-05	0.0337855	0.000163625	0.270284	0.001309	121.1209408172	118.9869608815	1993	0	0	0	0	0	0	184	10	0	0	0	0	0	0	1
31	0.0021912921	9.999879987038599e-07	0.032885875	1.5e-05	0.263087	0.00012	120.0602137571	120.0014401728	1724	447	0	0	0	0	0	0	1	0	0	0	0	0	0	0
32	0.0023951569	4.00016804789365e-06	0.035851375	6.075e-05	0.286811	0.000486	119.7462269722	121.4948957597	119	2055	0	0	0	0	0	0	3	1	0	0	0	0	0	0
33	0.0023897689	2.99994899158664e-06	0.036280375	4.4500000000000004e-05	0.290243	0.000356	121.4523297486	118.6686843671	0	1516	655	0	0	0	0	0	0	3	0	0	0	0	0	0
34	0.002191759	9.999869985958483e-07	0.033063875	1.4750000000000001e-05	0.264511	0.000118	120.6843439847	118.0015341856	0	78	2096	0	0	0	0	0	0	1	0	0	0	0	0	0
35	0.0021653176	5.000145047430508e-06	0.03258475	7.425e-05	0.260678	0.000594	120.387879794	118.796553773	0	0	1290	886	0	0	0	0	0	0	5	0	0	0	0	0
36	0.0019672345	9.999889988118716e-07	0.029487375	1.5e-05	0.235899	0.00012	119.9140188387	120.0013201571	0	0	55	2117	0	0	0	0	0	0	0	1	0	0	0	0
37	0.0021813863	2.9999504915325797e-06	0.032962875	4.6124999999999996e-05	0.263703	0.000369	120.8878041214	123.0020298807	0	0	0	1061	1114	0	0	0	0	0	0	3	0	0	0	0
38	0.0021890628	2.000092015182505e-06	0.033134375	3.0e-05	0.265075	0.00024	121.0906341968	119.994479343	0	0	0	32	2104	36	0	0	0	0	0	0	2	0	0	0
39	0.0022006416	2.999950491829679e-06	0.03340125	4.4625e-05	0.26721	0.000357	121.423680664	119.0019638565	0	0	0	0	867	1304	0	0	0	0	0	0	3	0	0	0
40	0.002045699	1.9999779976237437e-06	0.030898	2.975e-05	0.247184	0.000238	120.8310702969	119.0013091558	0	0	0	0	11	2087	73	0	0	0	0	0	0	2	0	0
41	0.0021824898	1.9999799978397663e-06	0.0327685	2.95e-05	0.262148	0.000236	120.114194714	118.0011801393	0	0	0	0	0	669	1503	0	0	0	0	0	0	2	0	0
42	0.0022597874	2.9999474913436005e-06	0.034140375	4.4875e-05	0.273123	0.000359	120.8622564839	119.6687612153	0	0	0	0	0	0	2056	124	0	0	0	0	0	0	3	0
43	0.0021229548	1.9999779976237432e-06	0.0319635	2.9500000000000002e-05	0.255708	0.000236	120.4491047439	118.0012981545	0	0	0	0	0	0	464	1706	0	0	0	0	0	0	2	0
44	0.0022868155	1.9999769975157315e-06	0.034514125	2.9874999999999998e-05	0.276113	0.000239	120.7412640266	119.5013744142	263	0	0	0	0	0	0	1911	0	0	0	0	0	0	0	2
45	0.0023342473	1.999976997515732e-06	0.035626125	2.9874999999999998e-05	0.285009	0.000239	122.0988865669	119.5013744142	1816	0	0	0	0	0	0	355	0	0	0	0	0	0	0	2
46	0.0021454395	1.9999789977317546e-06	0.0322345	2.9625000000000002e-05	0.257876	0.000237	120.1972856051	118.5012443975	1740	435	0	0	0	0	0	0	2	0	0	0	0	0	0	0
47	0.0021826459	3.99989797796324e-06	0.032781875	6.0125000000000005e-05	0.262255	0.000481	120.1546257875	120.2530671157	277	1896	0	0	0	0	0	0	3	1	0	0	0	0	0	0
48	0.0021667781	1.000102022649028e-06	0.032508625	1.4750000000000001e-05	0.260069	0.000118	120.0256705915	117.9879625555	0	1554	618	0	0	0	0	0	0	1	0	0	0	0	0	0
49	0.0022704804	1.9999799978397663e-06	0.03426625	2.975e-05	0.27413	0.000238	120.7365651364	119.0011901404	0	211	1967	0	0	0	0	0	0	2	0	0	0	0	0	0
50	0.0021942577	2.9999504918296787e-06	0.032812	4.4875000000000007e-05	0.262496	0.000359	119.6286110075	119.6686415252	0	0	1351	820	0	0	0	0	0	0	3	0	0	0	0	0
51	0.0023470423	1.999977997623743e-06	0.035576625	3.0e-05	0.284613	0.00024	121.2645376374	120.0013201571	0	0	160	1980	30	0	0	0	0	0	2	0	0	0	0	0
52	0.0024032366	3.000297082290321e-06	0.03621275	4.462500000000001e-05	0.289702	0.000357	120.5466014384	118.9882169027	0	0	0	1173	999	0	0	0	0	0	0	3	0	0	0	0
53	0.0022126353	9.999889988118716e-07	0.033158875	1.5e-05	0.265271	0.00012	119.8891659914	120.0013201571	0	0	0	123	1983	68	0	0	0	0	0	1	0	0	0	0
54	0.0021994747	1.9999749972997084e-06	0.033005625	2.9875e-05	0.264045	0.000239	120.0491203753	119.50149393	0	0	0	0	985	1190	0	0	0	0	0	0	2	0	0	0
55	0.0023885844	2.9999459911005614e-06	0.036089	4.500000000000001e-05	0.288712	0.00036	120.8715939191	120.0021603949	0	0	0	0	99	1967	108	0	0	0	0	0	3	0	0	0
56	0.0019656072	2.9999534923157586e-06	0.029667	4.4625e-05	0.237336	0.000357	120.7443654713	119.0018448334	0	0	0	0	0	792	1383	0	0	0	0	0	0	3	0	0
57	0.0022701785	2.999950491829679e-06	0.033911875	4.4875000000000007e-05	0.271295	0.000359	119.5038207202	119.6686415252	0	0	0	0	0	79	1936	154	0	0	0	0	0	1	2	0
58	0.0021874224	5.999786930606684e-06	0.032963125	9.125e-05	0.263705	0.00073	120.5551342425	121.6709873939	0	0	0	0	0	0	614	1559	0	0	0	0	0	0	6	0
59	0.0023455868	2.7005436923000116e-05	0.035495625	0.000400625	0.283965	0.003205	121.0635228151	118.6798054458	268	0	0	0	0	0	55	1855	0	0	0	0	0	0	1	26
60	0.0018427469	2.4545394103008477e-05	0.027586375	0.00036675	0.220691	0.002934	119.7619694911	119.5336276813	1560	2	0	0	0	0	0	498	2	2	0	0	0	0	0	23
61	0.0009100764	2.8522600047811046e-05	0.013560875	0.000423125	0.108487	0.003385	119.2064694572	118.6778201961	787	0	0	0	0	0	0	58	9	0	0	0	0	0	0	18
62	0.0008209501	0.0006283969	0.010015875	0.0087035	0.080127	0.069628	97.6027630377	110.8025801539	222	236	4	4	4	4	4	342	127	244	4	4	4	4	4	234
63	0.0002996377	9.998819998819997e-07	0.004438375	1.4750000000000001e-05	0.035507	0.000118	118.4997790447	118.0139256572	0	0	0	0	0	0	0	294	0	0	0	0	0	0	0	0
64	0.00033221	1.4998866585684123e-05	0.00493075	0.000221375	0.039446	0.001771	118.7381596285	118.0755885708	15	0	0	0	0	0	0	300	15	0	0	0	0	0	0	0
65	0.0003699013	4.598927784190756e-05	0.0051405	0.000679625	0.041124	0.005437	111.1755980082	118.2232088682	42	16	6	4	2	2	1	266	23	11	4	3	2	2	1	0
66	0.0002315652	2.3997272458339667e-05	0.00330025	0.000353875	0.026402	0.002831	114.0154014054	117.9717405349	5	2	2	4	5	4	6	230	4	2	2	3	3	2	4	4
67	0.0003397298	0.0001188797	0.004491	0.001433125	0.035928	0.011465	105.754637368	96.4420239816	14	4	65	5	5	6	2	218	11	2	63	3	3	4	2	41
68	0.0099350552	0.0096104964	0.263055125	0.267767	2.112149	2.161193	212.5955968881	224.8783937568	1184	1458	1166	1050	1089	1083	1021	1391	1171	1415	1164	1050	1089	1082	1019	1239
69	0.0136132579	0.0138201595	0.92712025	0.928633375	9.012275	9.44797	662.0219114405	683.6368264747	1951	1898	2582	2432	2769	2285	1805	2573	1946	1893	2600	2431	2769	2286	1804	2128
70	0.0153400212	0.0128164636	0.94204475	0.8545535	9.596109	7.779563	625.560348115	606.9976261479	2214	1779	1828	1546	1708	2319	2211	4819	2205	1770	1826	1543	1706	2315	2209	2510
71	0.018010964	0.0110991987	0.926155875	0.629534875	9.642893	5.236808	535.3901655025	471.8185632855	1852	1773	1938	1304	1392	1289	1077	6618	1837	1766	1932	1294	1383	1285	1075	1339
72	0.0191871259	0.0102635399	0.92828275	0.519253625	9.507605	4.223918	495.5200202694	411.5459231402	1291	1353	1215	1825	1834	1204	1071	7283	1277	1335	1184	1808	1815	1190	1067	929
73	0.0201350076	0.0095355838	0.90476775	0.414580875	9.041812	3.334467	449.0592803	349.6867180827	789	1039	1328	1049	1416	2127	1385	7385	766	1016	1277	1030	1352	2080	1378	954
74	0.0194254707	0.0098482481	0.887756875	0.420384625	8.610901	3.387582	443.2788854279	343.9781324271	1166	852	587	1173	1042	1382	2310	7046	1075	833	556	1167	1019	1315	2256	1212
75	0.0190822169	0.0079855337	0.715528375	0.248420375	6.18803	1.988743	324.2825519497	249.0432177747	1353	1010	490	532	943	639	751	6777	1311	972	459	528	915	626	734	1475
76	0.0199633089	0.0100031532	0.939975125	0.497234375	10.005741	4.050666	501.20653975	404.938916261	1608	2515	1462	1207	826	1400	1041	7548	1491	2463	1433	1197	787	1330	969	725
77	0.0192591392	0.0098874363	0.938439625	0.50729	9.761841	4.118488	506.8679816846	416.5374996552	707	1856	1843	1188	1489	1394	1810	7645	665	1615	1774	1177	1432	1342	1617	620
78	0.0201389526	0.0078474291	0.794364875	0.26105925	7.169407	2.090498	355.9970151376	266.3927228118	713	709	887	1653	1003	935	928	7165	697	621	772	1606	909	870	814	1118
79	0.0195210891	0.0082434791	0.77062175	0.27463125	6.79171	2.199209	347.9165521027	266.7816544567	930	570	572	1155	1520	1253	794	7293	912	519	535	1051	1473	1234	764	1044
80	0.0185798784	0.0097559325	0.826335125	0.4022865	7.593232	3.235989	408.680392087	331.6944833916	1548	1518	775	1071	683	1660	2305	6985	1473	1281	728	1022	564	1524	2226	963
81	0.0183737023	0.0095110199	0.755116375	0.348438875	6.618324	2.797795	360.206336885	294.1635113955	1202	683	1638	1579	601	586	1072	6332	1141	595	1465	1466	580	555	910	1844
82	0.0169870849	0.0120830735	0.9326605	0.735851875	9.72039	6.321716	572.222370852	523.1877450008	2714	2637	1312	2340	1410	1540	1187	5849	2451	2470	1082	2015	1317	1445	1035	1351
83	0.015477615	0.0121087081	0.7786825	0.601401625	6.698362	4.979028	432.7774017053	411.1939913695	1555	1231	2294	2767	1701	1462	1434	4191	1343	1006	2137	2372	1559	1194	1151	1490
84	0.0143106507	0.011949417	0.58676075	0.4712025	4.807015	3.816154	335.9047121247	319.359010514	1603	1202	1016	404	2231	2804	2138	2457	1196	975	872	287	1927	2379	2029	1819
85	0.011323614	0.0085733856	0.270517125	0.199344	2.165706	1.595257	191.2557239726	186.0708336607	1781	563	1305	791	1390	484	1151	2695	1432	333	961	497	1036	287	994	2154
86	0.0035083373	0.0026468522	0.055369	0.041050375	0.442952	0.328403	126.2569582438	124.0730425615	128	0	396	0	399	432	902	905	104	0	231	0	318	323	673	671
87	0.0028891313	0.0007943326	0.041769875	0.01159825	0.334159	0.092786	115.6607172419	116.8100113157	301	224	315	418	671	475	57	354	197	161	41	27	73	58	19	207
88	0.006221438	0.0006624521	0.096353	0.009849375	0.770824	0.078795	123.8980448126	118.9444548017	1012	1237	1053	7	0	313	667	1240	151	122	111	0	0	25	63	116
89	0.0101025688	0.0010092634	0.17402175	0.015534125	1.392187	0.124273	137.8052481909	123.1323780588	59	0	485	1263	1715	2176	2120	844	4	0	46	136	147	211	325	84
90	0.0135705619	0.0014460529	0.267034875	0.02425775	2.136708	0.194062	157.4516972662	134.2011806228	2465	3110	2496	1378	545	81	158	1533	210	416	330	165	88	35	7	115
91	0.0144902283	0.0015699954	0.29361075	0.026844	2.349454	0.214752	162.1405790492	136.7851144758	1006	628	143	1103	2036	2603	3087	2458	221	142	21	60	196	206	319	254
92	0.0152124693	0.0018541426	0.324244	0.031984625	2.596974	0.255877	170.7135085591	138.0028668943	2310	2336	2748	3268	1510	719	608	824	133	182	231	492	260	268	103	20
93	0.0132230208	0.001483275	0.264936	0.02540175	2.11988	0.203214	160.3173759718	137.0035871625	1753	0	50	439	1820	2777	2540	3473	436	0	14	0	86	231	185	469
94	0.0152011744	0.0063909613	0.44010925	0.15252375	3.588215	1.220688	236.0485380526	191.0022521582	2124	1755	1352	1110	1205	1147	1098	4470	775	1296	829	714	718	562	564	690
95	0.0209354323	0.0041989995	0.67094575	0.09371775	5.677248	0.749742	271.1789241859	178.5525322709	764	707	1301	1212	1012	902	743	8136	289	351	898	918	657	401	317	298
96	0.0207217062	0.00426342	0.67712325	0.09550575	5.762189	0.764046	278.0750259269	179.209646611	659	737	561	1258	1278	928	741	8112	311	366	252	869	938	546	386	327
97	0.0204559087	0.0036819819	0.6354795	0.079722375	5.337726	0.637779	260.9381026858	173.2162247167	437	815	519	487	1339	1154	776	8212	209	341	267	243	982	831	347	252
98	0.0208775376	0.0033427201	0.616820375	0.069807375	5.181984	0.558459	248.2085817177	167.0672341701	309	771	391	336	922	1215	1230	8161	167	283	227	199	615	840	734	304
99	0.0211071659	0.003889655	0.678588	0.086774	5.755639	0.694192	272.6864903426	178.4713571798	670	1163	621	475	718	1323	918	7901	367	522	336	271	404	870	514	506
100	0.0212025357	0.003989227	0.685692125	0.089158	5.856049	0.713264	276.1956909312	178.797548619	726	1174	697	696	896	1100	1425	8170	521	560	468	413	469	554	725	274
101	0.0205656292	0.0043369636	0.655404	0.097481875	5.552075	0.779855	269.9686429396	179.8158983953	705	1281	1015	921	738	846	1157	7915	365	548	670	626	394	435	573	491
102	0.0206051658	0.0064526828	0.7218915	0.17830625	6.273613	1.42653	304.4679700595	221.0754889912	1162	1180	1016	1558	1353	1548	1465	7315	789	526	743	1083	754	654	704	966
103	0.0196423205	0.007931804	0.7465395	0.25567425	6.585293	2.046156	335.2604393883	257.9685537115	2115	1403	984	1141	802	1107	2093	7089	1143	1011	669	803	488	595	1678	1096
104	0.0184225685	0.0089795804	0.757871	0.3138175	6.605543	2.514096	358.557114464	279.9792290999	1452	2799	2955	2207	677	823	788	6102	812	2307	2054	1473	358	395	428	948
105	0.0174051552	0.010444551	0.76334275	0.413794125	6.599419	3.328703	379.1646177355	318.7023543416	1409	1079	2066	3351	2953	2332	2080	3392	610	728	1480	2193	1890	1397	1258	730
106	0.0165464618	0.0112709916	0.785335	0.513178625	6.843827	4.156728	413.6127152459	368.7987850404	2270	1791	1353	1337	1030	1838	3262	4067	1141	1286	767	669	638	1180	2370	2368
107	0.0171872879	0.0107684384	0.772525125	0.445581125	6.735816	3.586119	391.9068589908	333.0212669254	2717	3496	2922	2855	1393	920	1015	2283	1708	2589	1773	1563	724	475	586	1020
108	0.0172872059	0.0110152362	0.847403375	0.536412625	7.793982	4.379916	450.8526169572	397.6234292063	1433	1251	2972	3217	2767	2762	2546	2260	685	919	1872	1923	1714	1792	1525	836
109	0.0168385764	0.0107965676	0.73314825	0.431145625	6.330022	3.473471	375.9238218347	321.7199325676	2861	1546	1140	1130	1842	2569	2718	3437	1915	1168	582	478	1043	1668	1839	1853
110	0.0133650039	0.0082224019	0.353311625	0.194243	2.829767	1.55406	211.7296054398	189.0031673588	2374	1843	1586	1227	1914	882	852	2200	1336	1264	1146	765	1051	332	468	1262
111	0.0125690166	0.0069121056	0.28641125	0.144650875	2.291553	1.157207	182.317604642	167.4174367327	754	970	1776	1398	2066	1775	1748	1699	133	615	1104	831	1093	980	1181	1002
112	0.0089406709	0.0048772904	0.167092375	0.08724225	1.336751	0.697938	149.5134995417	143.0995365629	1197	500	519	377	945	1523	1545	1868	748	322	170	88	332	795	934	1017
113	0.0040936254	0.0016842326	0.0632375	0.0253375	0.5059	0.2027	123.5823875098	120.3515445473	940	379	450	811	327	127	140	845	713	235	78	100	57	5	45	435
114	0.006542631	0.0007181138	0.107707625	0.011059125	0.861661	0.088473	131.6994638191	123.2019136448	1310	589	22	3	776	1361	696	1206	202	78	3	0	35	248	62	56
115	0.009812232	0.0011529207	0.168713	0.018033375	1.349708	0.144267	137.5536170236	125.1317590644	0	582	1956	1879	1271	1418	1497	185	0	11	258	262	125	131	278	0
116	0.0140701358	0.0012927715	0.28098625	0.0218325	2.249232	0.17466	159.858584649	135.105080012	1890	3633	1153	484	0	72	2412	2763	214	298	278	147	0	0	101	345
117	0.0134611091	0.0022190953	0.27607375	0.037429375	2.20921	0.299435	164.1179770795	134.9356170229	188	307	1836	2744	2436	2426	1643	1253	55	0	214	352	392	378	399	282
118	0.015191845	0.0022049991	0.311784375	0.0388	2.49616	0.3104	164.3092062685	140.7710310848	2399	3496	1490	1235	957	388	1752	2475	254	488	268	301	291	200	137	185
119	0.0147180813	0.0017955997	0.321036	0.031235125	2.57016	0.249881	174.626023084	139.1629776757	1114	138	1319	1664	2397	3449	2026	1943	179	0	122	97	194	279	381	484
120	0.0124577813	0.0046145622	0.27158975	0.091764125	2.177072	0.734124	174.7559974649	159.088548124	2395	1018	767	713	747	718	1895	3358	688	746	537	498	497	455	420	711
121	0.0187721161	0.0093736884	0.78561375	0.34505375	6.929237	2.765834	369.1239152718	295.0635741904	1801	2005	2550	2758	2318	1792	1698	4879	1061	1024	1740	1814	1426	974	665	735
122	0.0207447951	0.0061077824	0.73919075	0.166263125	6.439985	1.330135	310.438592989	217.7770757023	1174	945	921	968	1805	2194	1447	7062	693	375	419	436	1034	1385	730	591
123	0.0208685907	0.0033518852	0.622861375	0.070495125	5.208167	0.563961	249.5696556804	168.2518820408	550	801	673	674	670	791	1284	7932	273	319	353	303	303	305	741	512
124	0.0211041446	0.0032119056	0.6644265	0.06950375	5.618041	0.55603	266.2055769857	173.1153010605	880	664	410	562	935	988	1174	7730	489	156	203	248	543	398	213	716
125	0.0203030665	0.003236654	0.6013385	0.06806025	5.012367	0.544482	246.8773375817	168.2237296131	1386	1008	452	411	539	530	590	7751	986	446	194	153	280	182	106	645
126	0.022726487	0.0033614801	0.774735	0.077736375	6.81462	0.621891	299.8536469764	185.0051106347	955	1949	1354	940	718	773	795	8283	553	725	600	295	458	331	145	176
127	0.022546086	0.0035374732	0.784786625	0.083411	6.917314	0.667288	306.8077530489	188.6340777921	710	1347	1168	984	1179	1238	1213	8257	259	594	680	458	708	544	219	196
128	0.0224485497	0.0044362694	0.77045925	0.110221625	6.814025	0.881773	303.5396538658	198.7645291879	1033	1773	1288	1326	1397	1233	1113	8242	409	639	481	678	976	708	331	184
129	0.0221451293	0.00604159	0.8534715	0.178243125	7.909943	1.425966	357.1865806454	236.0249545123	715	1062	1430	1775	1604	1920	2215	7961	232	396	775	761	804	1036	1407	395
130	0.0217531658	0.0055050108	0.785580875	0.147467	7.001117	1.179743	321.8435905832	214.3034858382	1021	1409	596	1262	1155	1581	1577	7584	523	849	231	684	560	711	802	778
131	0.0201409901	0.0073377164	0.798358	0.229072375	7.155713	1.832988	355.2810944463	249.8036048164	1915	2236	1557	1581	1175	1766	1092	7219	925	1633	912	725	587	998	548	694
132	0.0191250326	0.0094202187	0.81881025	0.36113275	7.472643	2.898623	390.7257663043	307.7023026571	1929	1882	1887	2676	1545	1848	2474	5753	909	1171	1140	1603	858	977	1452	1280
133	0.0175840381	0.0108203412	0.8389795	0.48395475	7.593548	3.90855	431.8432415158	361.2224338764	3182	2875	1990	2144	1507	1785	1826	3552	1955	2007	1099	1254	827	978	1091	1462
134	0.0176479157	0.0108920828	0.867381625	0.534363	8.233217	4.337313	466.5263104071	398.2078631854	2094	2326	3320	3641	2030	2071	1493	2476	1270	1901	2156	2361	1056	1023	866	1205
135	0.0167633409	0.0114199772	0.840175375	0.5724055	7.613101	4.664158	454.1517738661	408.4209563577	2251	1633	1978	2208	2709	3443	2755	2717	1334	1143	1212	1446	1843	2497	1720	1210
136	0.015342698	0.0101302134	0.54411925	0.321122125	4.418439	2.572187	287.9831821572	253.9124200263	2976	1496	1149	1495	1587	1499	1909	3583	2109	1060	736	844	1002	952	1271	2298
137	0.0101749354	0.0066316003	0.209775625	0.1265665	1.678232	1.012532	164.9378522922	152.682904601	923	715	1795	1053	1916	616	1288	1344	663	321	1167	704	1133	271	964	887
138	0.0066657491	0.0037703524	0.112779875	0.063615	0.902239	0.50892	135.354478523	134.9794266901	398	2	773	7	1036	1024	1798	1237	162	1	384	7	486	779	1003	816
139	0.003531455	0.0014112893	0.05388875	0.02118775	0.43111	0.169502	122.0771619124	120.1043618344	924	191	493	510	308	6	222	742	699	141	106	34	37	0	55	291
140	0.005218475	0.0002590132	0.0801635	0.00378775	0.641308	0.030302	122.8918401818	116.9901632421	1044	999	24	0	581	625	683	1264	59	41	3	0	49	33	52	61
141	0.0092251747	0.0006384526	0.154979125	0.0094995	1.239834	0.075996	134.3968043274	119.0315393376	0	185	1434	1422	1379	1895	1881	161	0	6	55	103	53	108	214	0
142	0.0129861895	0.0010807805	0.25233225	0.01756025	2.019218	0.140482	155.4896451867	129.9819887437	1841	3713	1290	425	87	0	1665	2367	69	235	198	151	2	0	171	212
143	0.0133070497	0.001420729	0.263569125	0.023660875	2.108971	0.189287	158.4852430284	133.2323089644	471	264	1358	2521	2070	2659	2015	917	126	82	70	222	153	328	326	128
144	0.0152901067	0.001923571	0.335029375	0.0335015	2.681382	0.268012	175.3671218404	139.3304467895	2771	3276	1823	1170	695	529	1371	2739	299	294	262	184	165	160	165	296
145	0.0138209932	0.0013690141	0.278826375	0.023194125	2.231151	0.185553	161.4320308136	135.5376820924	861	0	983	2260	2668	3170	2103	1635	184	0	20	203	270	182	275	273
146	0.0127331648	0.0035943401	0.280405625	0.068185125	2.247541	0.545481	176.5107917067	151.7610962127	2520	938	560	726	444	751	1382	4330	408	707	374	462	281	381	346	617
147	0.0190989103	0.0081557797	0.750726375	0.25536975	6.439685	2.043423	337.17551979	250.5490668656	1561	1564	2162	2458	1175	1632	1977	6637	812	969	1636	1558	753	948	1066	745
148	0.0191232126	0.009480618	0.845289375	0.363291375	7.759787	2.909817	405.7784209145	306.9227134352	1618	1301	1387	1767	1855	2494	3345	5853	1015	552	829	1006	1297	1725	2184	1148
149	0.0198863811	0.0084754583	0.826468875	0.304734	7.529184	2.439922	378.610063193	287.8808349641	1742	2322	1566	1655	1693	1188	2312	6531	1033	1406	879	1016	899	573	1159	1370
150	0.0206246787	0.008413618	0.874988	0.32175525	8.297665	2.577492	402.3172980121	306.3476366	2097	1876	2089	2421	2464	1397	1608	6753	1229	949	1257	1525	1506	564	423	838
151	0.0198181207	0.0091011139	0.885692	0.372269625	8.537007	2.988441	430.7677361425	328.3599171326	2341	2251	2037	1939	2400	2492	1472	5747	1059	879	1272	1257	1630	1501	383	867
152	0.0206186761	0.0085820775	0.91017025	0.347178875	8.963987	2.782473	434.7508511275	324.2190477048	2341	1788	1746	2198	2515	1869	1541	6710	1327	960	889	1024	1369	867	862	1202
153	0.0194495402	0.0094070559	0.909108625	0.414655875	8.951018	3.333795	460.2174616551	354.3930270655	2182	2557	2709	1987	1312	2620	2669	5678	1232	1686	1965	730	707	1122	935	843
154	0.0203352026	0.0089374446	0.91817075	0.38156275	9.20673	3.058429	452.7483789375	342.2039684937	2811	2280	1689	1836	1917	2157	1771	6346	1296	953	1081	1335	1299	1183	869	1010
155	0.0197973539	0.0097606405	0.939121875	0.476648875	9.746295	3.846014	492.3029135321	394.0329511386	2330	2864	2555	2429	2673	2418	1903	5519	1479	1349	1070	1155	1443	1349	1114	1504
156	0.0194902195	0.0100822267	0.942905375	0.501896875	9.77699	4.058567	501.6357061176	402.5466907807	1760	2603	2651	2483	2271	1861	2586	5830	1101	1777	1722	1472	1132	1060	1259	978
157	0.0182544622	0.0097035079	0.808525	0.385872125	7.229531	3.096747	396.0418510195	319.1368565496	1591	1509	1976	1671	2659	2772	2446	5173	1057	795	1185	1282	2139	1682	1106	1052
158	0.016586694	0.0099052555	0.64599275	0.342447375	5.354594	2.743708	322.8246680471	276.9951769116	2507	1810	1515	1342	1656	1506	2054	4791	1511	987	857	884	1158	990	1501	1914
159	0.0114566757	0.0057435157	0.245382625	0.110105625	1.963396	0.880845	171.3757156893	153.3633831668	1011	376	1617	1772	1798	1201	1062	2175	715	180	764	697	860	668	679	952
160	0.0076628172	0.0030108069	0.132943	0.05006975	1.063544	0.400558	138.7928191129	133.0400828189	861	301	355	644	271	1739	1453	1594	547	106	175	184	98	652	469	550
